pair,disease_a,disease_b,regulator,n_unit_pairs,n_present,median_jaccard,background_percentile,bg_n,p,q_within_pair,n_shared_targets,shared_targets,nes_a,nes_b
Cardiovascular_Disease||Sjögrens_Syndrome,Cardiovascular_Disease,Sjögrens_Syndrome,IRF7,2,2,0.513531984691088,0.9931573802541545,1023,0.0078125,0.0328812166050143,35,CMPK2|DDX60|DHX58|EIF2AK2|EPSTI1|HELZ2|HERC5|IFI35|IFI44L|IFI6|IFIH1|IFIT1|IFIT2|IFIT3|IFIT5|IRF7|ISG15|LAMP3|LY6E|MOV10|OAS1|OAS2|OAS3|OASL|PARP12|PARP14|PML|RSAD2|STAT2|TOR1B|UNC93B1|USP18|XAF1|ZBP1|ZCCHC2,16.75992913041165,15.689466650360997
Cardiovascular_Disease||Sjögrens_Syndrome,Cardiovascular_Disease,Sjögrens_Syndrome,EOMES,2,2,0.2587412587412587,0.9922178988326849,771,0.0090673575129533,0.0328812166050143,9,FCRL6|GFI1|MATK|NKG7|PPP2R2B|PYHIN1|RUNX3|S1PR5|SAMD3,5.069301347709016,4.254791214456569
Cardiovascular_Disease||Sjögrens_Syndrome,Cardiovascular_Disease,Sjögrens_Syndrome,STAT2,2,2,0.4819776714513556,0.9888888888888888,810,0.0123304562268803,0.0328812166050143,31,CMPK2|DDX60|DHX58|EIF2AK2|EPSTI1|HELZ2|HERC5|IFI44L|IFIH1|IFIT1|IFIT2|IFIT3|IFIT5|IRF7|IRF9|ISG15|LAMP3|MOV10|OAS2|OAS3|OASL|PARP14|PML|RNF213|RSAD2|SAMD9L|STAT1|STAT2|TRIM22|USP18|XAF1,16.397697700953472,17.100239656678312
Cervical_Cancer||Colon_and_Rectal_Cancer,Cervical_Cancer,Colon_and_Rectal_Cancer,IRF1,1,1,0.4117647058823529,0.9964125560538116,1115,0.0044802867383512,0.0407673860911271,21,APOL3|APOL6|BTN3A3|CD74|CIITA|CXCL10|CXCL11|ETV7|GBP1|GBP4|HLA-DRA|IDO1|IL15RA|IRF1|LAP3|PARP14|PSMB10|PSME1|PSME2|STAT1|UBE2L6,11.029347029010216,11.929480146667506
Cervical_Cancer||Colon_and_Rectal_Cancer,Cervical_Cancer,Colon_and_Rectal_Cancer,ETV7,1,1,0.3947368421052631,0.9953183520599252,1068,0.0056127221702525,0.0407673860911271,15,APOL6|BATF2|CMPK2|EPSTI1|ETV7|HLA-E|IRF1|NLRC5|NMI|PARP14|PSMB8|STAT1|TAP1|UBD|UBE2L6,13.738899905478329,16.506918165774362
Cervical_Cancer||Colon_and_Rectal_Cancer,Cervical_Cancer,Colon_and_Rectal_Cancer,IRF7,1,1,0.5217391304347826,0.9931573802541545,1023,0.0078125,0.0407673860911271,24,CMPK2|DHX58|HERC6|IFI35|IFI44|IFI44L|IFI6|IFIH1|IFIT1|IFIT3|IRF7|IRF9|ISG15|ISG20|MX1|MX2|OAS2|OASL|PARP10|PARP14|PARP9|RSAD2|USP18|XAF1,16.951238806884575,14.898780281681292
Cervical_Cancer||Colon_and_Rectal_Cancer,Cervical_Cancer,Colon_and_Rectal_Cancer,FOSB,1,1,0.59375,0.9899103139013452,892,0.0111982082866741,0.0407673860911271,19,ATF3|C11ORF96|CSRNP1|DUSP1|DUSP5|EGR1|EGR3|FOS|FOSB|HBEGF|IER2|JUND|KLF2|NR4A1|NR4A2|NR4A3|PPP1R15A|TRIB1|ZFP36,4.934825568860682,6.679792830910938
Cervical_Cancer||Colon_and_Rectal_Cancer,Cervical_Cancer,Colon_and_Rectal_Cancer,YY1,1,1,0.275,0.9878277153558052,1068,0.0130963517305893,0.0407673860911271,11,CCNK|CPSF2|EXOC5|G2E3|MARK3|PAPOLA|PCNX4|PPM1A|PPP2R5C|PPP4R3A|YY1,4.333118974821823,4.434127511542164
Cervical_Cancer||Colon_and_Rectal_Cancer,Cervical_Cancer,Colon_and_Rectal_Cancer,TAF1,1,1,0.2692307692307692,0.9873873873873874,555,0.014388489208633,0.0407673860911271,7,ATP7A|ATRX|CHM|TAF1|TAF1L|THOC2|ZBTB33,5.436903959928072,6.586660553780912
Cervical_Cancer||Colon_and_Rectal_Cancer,Cervical_Cancer,Colon_and_Rectal_Cancer,JUNB,1,1,0.3529411764705882,0.9804496578690128,1023,0.0205078125,0.0451020408163265,12,DUSP1|EGR1|FOS|FOSB|HBEGF|IER2|JUN|JUNB|MXD1|PPP1R15A|SIK1|ZFP36,4.239415985865785,5.359184266940361
Cervical_Cancer||Colon_and_Rectal_Cancer,Cervical_Cancer,Colon_and_Rectal_Cancer,ELF1,1,1,0.2068965517241379,0.9775784753363228,1115,0.0232974910394265,0.0451020408163265,6,AKAP11|NAA16|PAN3|PARP4|PDS5B|WBP4,3.8426057355332106,4.290342729179686
Cervical_Cancer||Colon_and_Rectal_Cancer,Cervical_Cancer,Colon_and_Rectal_Cancer,IKZF1,1,1,0.3333333333333333,0.9755859375,1024,0.0253658536585365,0.0451020408163265,18,ARHGAP30|CCR5|CD2|CD3E|DOCK2|EVI2B|GVINP1|IKZF1|IL10RA|ITGAL|ITK|NCKAP1L|P2RY10|PIK3CG|PTPRC|SASH3|TESPA1|WAS,6.604516155479918,7.814119368178552
Cervical_Cancer||Colon_and_Rectal_Cancer,Cervical_Cancer,Colon_and_Rectal_Cancer,SPI1,1,1,0.4354838709677419,0.9744637385086824,979,0.0265306122448979,0.0451020408163265,27,AIF1|BTK|C1QA|C1QC|C3AR1|CD300LF|CD53|CD86|CMKLR1|CSF1R|DOK2|FCER1G|ITGB2|LAIR1|LAPTM5|LILRB1|LILRB2|LILRB4|LRRC25|LST1|MNDA|MYO1F|SIGLEC7|SLAMF8|SPI1|TNFAIP8L2|TYROBP,9.610341128548471,9.040826326935942
Cervical_Cancer||Esophageal_Cancer,Cervical_Cancer,Esophageal_Cancer,IKZF1,1,1,0.4375,0.9951171875,1024,0.0058536585365853,0.0476190476190476,21,BTLA|CCR5|CD2|CD3E|CYTIP|DOCK2|EVI2B|GVINP1|IKZF1|IL10RA|ITGAL|ITK|NCKAP1L|P2RY10|PTPRC|SASH3|SLA|SLAMF1|TESPA1|TRAT1|WAS,6.604516155479918,5.328141380120693
Cervical_Cancer||Esophageal_Cancer,Cervical_Cancer,Esophageal_Cancer,IRF7,1,1,0.54,0.9941348973607038,1023,0.0068359375,0.0476190476190476,27,CMPK2|DHX58|HELZ2|HERC6|IFI35|IFI44|IFI44L|IFI6|IFIH1|IFIT1|IFIT3|IFITM1|IFITM3|IRF7|IRF9|ISG15|MX1|MX2|OAS2|OASL|RSAD2|STAT2|TRIM21|TRIM22|USP18|XAF1|ZBP1,16.951238806884575,16.374615344083306
Cervical_Cancer||Esophageal_Cancer,Cervical_Cancer,Esophageal_Cancer,FOS,1,1,0.5357142857142857,0.9937219730941704,1115,0.007168458781362,0.0476190476190476,15,ATF3|CSRNP1|DUSP1|EGR1|FOSB|IER2|JUN|JUND|KLF4|KLF6|NR4A1|PPP1R15A|RHOB|SIK1|TRIB1,4.761630605769708,5.6560185493961015
Cervical_Cancer||Esophageal_Cancer,Cervical_Cancer,Esophageal_Cancer,GATA1,1,1,0.4545454545454545,0.9899216125419932,893,0.0111856823266219,0.0476190476190476,5,GATA1|GCSAML|HDC|TPSAB1|TPSB2,5.02561947589748,4.230318288646579
Cervical_Cancer||Esophageal_Cancer,Cervical_Cancer,Esophageal_Cancer,SPI1,1,1,0.4838709677419355,0.9897854954034728,979,0.0112244897959183,0.0476190476190476,30,AIF1|BTK|C1QA|C1QC|C3AR1|CD14|CD37|CD4|CD53|CD86|CMKLR1|CSF1R|CYBB|DOK2|HAVCR2|ITGB2|LAIR1|LAPTM5|LRRC25|LST1|LY86|MNDA|MS4A6A|MYO1F|SIGLEC7|SLAMF8|SPI1|TNFAIP8L2|TYROBP|WAS,9.610341128548471,7.737599067245106
Cervical_Cancer||Esophageal_Cancer,Cervical_Cancer,Esophageal_Cancer,YY1,1,1,0.28,0.9887640449438202,1068,0.0121608980355472,0.0476190476190476,7,CCNK|CPSF2|G2E3|KTN1|PAPOLA|WDR20|YY1,4.333118974821823,3.5571592763785165
Cervical_Cancer||Esophageal_Cancer,Cervical_Cancer,Esophageal_Cancer,HNF1A,1,1,0.3148148148148148,0.9887640449438202,623,0.0128205128205128,0.0476190476190476,17,A1CF|ANKS4B|CDHR5|CLRN3|EPS8L3|FOXA2|GLYCTK|GPR35|HGD|HNF1A|HNF4A|MOGAT3|MYO1A|RNF186|SLC39A5|TM4SF5|VIL1,7.460156160471491,7.21244567898661
Cervical_Cancer||Esophageal_Cancer,Cervical_Cancer,Esophageal_Cancer,HOXA10,1,1,0.625,0.9864029666254636,809,0.0148148148148148,0.0481481481481481,5,HOXA10|HOXA11|HOXA11-AS|HOXA13|HOXA9,4.35904322305985,4.084474887434199
Cervical_Cancer||Head_and_Neck_Cancer,Cervical_Cancer,Head_and_Neck_Cancer,IRF7,1,1,0.5882352941176471,0.9980449657869012,1023,0.0029296875,0.0161073825503355,30,CMPK2|DHX58|HELZ2|HERC5|HERC6|IFI35|IFI44|IFI44L|IFI6|IFIH1|IFIT1|IFIT3|IFITM1|IFITM3|IRF7|IRF9|ISG15|ISG20|MX1|MX2|OAS2|OASL|RSAD2|TAP1|TRIM21|TRIM22|UBE2L6|USP18|XAF1|ZBP1,16.951238806884575,15.948684968490223
Cervical_Cancer||Head_and_Neck_Cancer,Cervical_Cancer,Head_and_Neck_Cancer,FOSB,1,1,0.6896551724137931,0.9977578475336324,892,0.0033594624860022,0.0161073825503355,20,ATF3|CSRNP1|DUSP1|DUSP5|EGR1|EGR3|FOS|FOSB|HBEGF|IER2|JUN|JUND|NR4A1|NR4A2|NR4A3|PPP1R15A|SLC25A25|TIPARP|TRIB1|ZFP36,4.934825568860682,5.627809135723758
Cervical_Cancer||Head_and_Neck_Cancer,Cervical_Cancer,Head_and_Neck_Cancer,FOS,1,1,0.5384615384615384,0.9973094170403588,1115,0.003584229390681,0.0161073825503355,14,ATF3|CSRNP1|DUSP1|EGR1|FOSB|IER2|IER3|JUN|KLF6|NR4A1|PPP1R15A|RHOB|SOCS3|TRIB1,4.761630605769708,4.598046664609666
Cervical_Cancer||Head_and_Neck_Cancer,Cervical_Cancer,Head_and_Neck_Cancer,IRF1,1,1,0.42,0.9973094170403588,1115,0.003584229390681,0.0161073825503355,21,APOL6|CIITA|CXCL10|CXCL11|ETV7|FLT3LG|GBP1|GBP4|GBP5|GZMA|IDO1|IL15RA|IRF1|LAG3|LAP3|NKG7|PSMB10|PSMB9|TAP1|UBA7|UBE2L6,11.029347029010216,9.647507282715232
Cervical_Cancer||Head_and_Neck_Cancer,Cervical_Cancer,Head_and_Neck_Cancer,GATA1,1,1,0.5833333333333334,0.9966405375139976,893,0.0044742729306487,0.0161073825503355,7,GATA1|GCSAML|HDC|HPGDS|SLC18A2|TPSAB1|TPSB2,5.02561947589748,5.32616404482976
Cervical_Cancer||Head_and_Neck_Cancer,Cervical_Cancer,Head_and_Neck_Cancer,YY1,1,1,0.2972972972972973,0.99250936329588,1068,0.0084190832553788,0.0252572497661365,11,BAG5|BTBD7|CCNK|CPSF2|NAA30|PAPOLA|PPP2R5C|PPP4R3A|RBM25|WDR20|YY1,4.333118974821823,4.236024068996221
Cervical_Cancer||Head_and_Neck_Cancer,Cervical_Cancer,Head_and_Neck_Cancer,TAF1,1,1,0.2941176470588235,0.990990990990991,555,0.0107913669064748,0.0263414634146341,5,ATRX|TAF1|TAF1L|THOC2|ZBTB33,5.436903959928072,4.767747622346977
Cervical_Cancer||Head_and_Neck_Cancer,Cervical_Cancer,Head_and_Neck_Cancer,IKZF1,1,1,0.3695652173913043,0.9892578125,1024,0.0117073170731707,0.0263414634146341,17,APBB1IP|CCR5|CD2|CD3E|CD5|DOCK2|GVINP1|IKZF1|IL10RA|ITGAL|ITK|NCKAP1L|P2RY10|PIK3CG|PTPRC|SASH3|TESPA1,6.604516155479918,4.1379977384128726
Cervical_Cancer||Head_and_Neck_Cancer,Cervical_Cancer,Head_and_Neck_Cancer,STAT1,1,1,0.543859649122807,0.9811659192825112,1115,0.0197132616487455,0.038671875,31,APOL6|BATF2|CMPK2|CXCL10|CXCL11|DDX60|DTX3L|EPSTI1|ETV7|GBP1|IFI44L|IFIH1|IFIT3|IRF1|MX1|NLRC5|OAS2|OAS3|PARP14|PARP9|RNF213|RSAD2|SP110|STAT1|STAT2|TAP1|TAP2|TRIM21|TRIM22|UBE2L6|USP18,16.323928039272385,17.388361803941827
Cervical_Cancer||Head_and_Neck_Cancer,Cervical_Cancer,Head_and_Neck_Cancer,JUNB,1,1,0.35,0.9794721407624634,1023,0.021484375,0.038671875,7,DUSP1|DUSP5|EGR1|JUN|JUNB|PPP1R15A|ZFP36,4.239415985865785,4.166565821895952
Cervical_Cancer||Head_and_Neck_Cancer,Cervical_Cancer,Head_and_Neck_Cancer,HOXA10,1,1,0.5555555555555556,0.9715698393077874,809,0.0296296296296296,0.0452119309262166,5,HOXA10|HOXA11|HOXA11-AS|HOXA13|HOXA9,4.35904322305985,4.950526307192181
Cervical_Cancer||Head_and_Neck_Cancer,Cervical_Cancer,Head_and_Neck_Cancer,STAT2,1,1,0.4230769230769231,0.9703703703703704,810,0.0308261405672009,0.0452119309262166,22,ADAR|CMPK2|DDX60|DTX3L|HERC6|IFI44|IFI44L|IFIH1|IFIT1|IFIT3|IRF9|NLRC5|OAS2|OAS3|PARP14|PARP9|RSAD2|STAT1|STAT2|TRIM22|XAF1|ZNFX1,15.479396248077908,17.37845680584647
Cervical_Cancer||Head_and_Neck_Cancer,Cervical_Cancer,Head_and_Neck_Cancer,SPI1,1,1,0.421875,0.968335035750766,979,0.0326530612244898,0.0452119309262166,27,ABI3|AIF1|C1QA|C1QC|CD4|CD53|CSF1R|CYBB|DOK2|FERMT3|HAVCR2|ITGB2|LAIR1|LAPTM5|LILRB1|LILRB4|LRRC25|LST1|LY86|MS4A6A|MYO1F|NCKAP1L|SIGLEC7|SPI1|TNFAIP8L2|TYROBP|WAS,9.610341128548471,8.663215864605867
Cervical_Cancer||Stomach_Cancer,Cervical_Cancer,Stomach_Cancer,GATA1,1,1,0.6666666666666666,0.9977603583426652,893,0.0033557046979865,0.0249454318677892,6,GATA1|GCSAML|NTRK1|SLC18A2|TPSAB1|TPSB2,5.02561947589748,3.996113945437703
Cervical_Cancer||Stomach_Cancer,Cervical_Cancer,Stomach_Cancer,HOXA10,1,1,0.7142857142857143,0.9975278121137208,809,0.0037037037037037,0.0249454318677892,5,HOXA10|HOXA11|HOXA11-AS|HOXA13|HOXA9,4.35904322305985,4.14317235694622
Cervical_Cancer||Stomach_Cancer,Cervical_Cancer,Stomach_Cancer,ETV7,1,1,0.4,0.9971910112359552,1068,0.0037418147801683,0.0249454318677892,14,APOL6|BATF2|EPSTI1|ETV7|HLA-E|IRF1|NMI|PARP14|PSMB8|SLC15A3|STAT1|TAP1|UBD|UBE2L6,13.738899905478329,12.311668723370143
Cervical_Cancer||Stomach_Cancer,Cervical_Cancer,Stomach_Cancer,SPI1,1,1,0.5344827586206896,0.9959141981613892,979,0.0051020408163265,0.0255102040816326,31,ABI3|AIF1|C1QA|C1QC|C3AR1|CD14|CD300LF|CD4|CD53|CD86|CSF1R|CYBB|DOK2|FCER1G|HAVCR2|ITGB2|LAIR1|LAPTM5|LILRB2|LILRB4|LRRC25|LST1|LY86|MS4A6A|MYO1F|SIGLEC7|SLAMF8|SPI1|TNFAIP8L2|TYROBP|WAS,9.610341128548471,9.081599833320192
Cervical_Cancer||Stomach_Cancer,Cervical_Cancer,Stomach_Cancer,IRF1,1,1,0.3962264150943396,0.9928251121076234,1115,0.0080645161290322,0.032258064516129,21,APOL3|APOL6|CD74|CXCL10|CXCL11|ETV7|GBP1|GBP4|GBP5|GZMA|IDO1|IL15RA|IRF1|LAP3|PARP14|PSMB10|PSME1|PSME2|STAT1|TAP1|UBE2L6,11.029347029010216,9.997230918239524
Colon_and_Rectal_Cancer||Esophageal_Cancer,Colon_and_Rectal_Cancer,Esophageal_Cancer,ELF1,1,1,0.3529411764705882,0.9973094170403588,1115,0.003584229390681,0.0380859375,12,AKAP11|COG3|COG6|ELF1|FBXL3|KPNA3|LNX2|NAA16|PAN3|UFM1|VPS36|WBP4,4.290342729179686,4.686777795553367
Colon_and_Rectal_Cancer||Esophageal_Cancer,Colon_and_Rectal_Cancer,Esophageal_Cancer,TAF1,1,1,0.3666666666666666,0.9963963963963964,555,0.0053956834532374,0.0380859375,11,ATRX|CHM|OGT|OPHN1|PHF8|TAF1|THOC2|ZMYM3|ZNF280C|ZNF41|ZNF75D,6.586660553780912,6.735936049223231
Colon_and_Rectal_Cancer||Esophageal_Cancer,Colon_and_Rectal_Cancer,Esophageal_Cancer,IKZF1,1,1,0.4,0.9931640625,1024,0.0078048780487804,0.0380859375,22,ARHGAP9|CCR5|CD2|CD3E|DOCK2|EVI2B|GVINP1|IKZF1|IL10RA|IL21R|ITGAL|ITK|NCKAP1L|P2RY10|PRKCB|PTPRC|RASAL3|RHOH|SASH3|TAGAP|TESPA1|WAS,7.814119368178552,5.328141380120693
Colon_and_Rectal_Cancer||Esophageal_Cancer,Colon_and_Rectal_Cancer,Esophageal_Cancer,IRF7,1,1,0.5106382978723404,0.9902248289345064,1023,0.0107421875,0.0380859375,24,CMPK2|DDX60|DHX58|HERC6|IFI35|IFI44|IFI44L|IFI6|IFIH1|IFIT1|IFIT2|IFIT3|IRF7|IRF9|ISG15|MX1|MX2|OAS2|OASL|RSAD2|SP100|SP110|USP18|XAF1,14.898780281681292,16.374615344083306
Colon_and_Rectal_Cancer||Esophageal_Cancer,Colon_and_Rectal_Cancer,Esophageal_Cancer,FLI1,1,1,0.2452830188679245,0.988340807174888,1115,0.0125448028673835,0.0380859375,13,ARHGEF6|CD4|CMKLR1|DOCK2|FLI1|GIMAP1|GIMAP4|GIMAP6|GIMAP8|LCP2|RCSD1|SRGN|STARD8,4.984765878119645,5.46869870214227
Colon_and_Rectal_Cancer||Esophageal_Cancer,Colon_and_Rectal_Cancer,Esophageal_Cancer,SP1,1,1,0.25,0.9891696750902528,554,0.0126126126126126,0.0380859375,5,ARID2|ATF7|BAZ2A|MON2|SP1,3.9395804507881,4.140119561814696
Colon_and_Rectal_Cancer||Esophageal_Cancer,Colon_and_Rectal_Cancer,Esophageal_Cancer,JUND,1,1,0.3333333333333333,0.9882697947214076,1023,0.0126953125,0.0380859375,7,ATF3|DUSP8|FOSB|IER2|JUND|NR4A1|RHOB,4.386392190970344,4.806339782280924
Colon_and_Rectal_Cancer||Ovarian_Cancer,Colon_and_Rectal_Cancer,Ovarian_Cancer,GABPA,1,1,0.4444444444444444,0.9990636704119852,1068,0.0018709073900841,0.0395061728395061,8,BACH1|C21ORF91|DYRK1A|GABPA|IFNAR1|MORC3|USP16|USP25,4.968187018944206,4.341068512088727
Colon_and_Rectal_Cancer||Ovarian_Cancer,Colon_and_Rectal_Cancer,Ovarian_Cancer,ETV2,1,1,0.2413793103448276,0.9974160206718348,774,0.0038709677419354,0.0395061728395061,7,ETV2|LIN37|POLR2I|RPS11|RPS16|SDHAF1|SNRPD2,6.342357164194194,5.497293324671608
Colon_and_Rectal_Cancer||Ovarian_Cancer,Colon_and_Rectal_Cancer,Ovarian_Cancer,ELF1,1,1,0.3125,0.9946188340807176,1115,0.0062724014336917,0.0395061728395061,10,AKAP11|COG3|ELF1|LRCH1|PARP4|PDS5B|UBL3|UFM1|VPS36|WBP4,4.290342729179686,4.146575160262991
Colon_and_Rectal_Cancer||Ovarian_Cancer,Colon_and_Rectal_Cancer,Ovarian_Cancer,ELK1,1,1,0.1612903225806451,0.9921722113502937,1022,0.0087976539589442,0.0395061728395061,5,CCDC22|CDK16|FTSJ1|HCCS|RP2,4.145060802485593,4.167599644765029
Colon_and_Rectal_Cancer||Ovarian_Cancer,Colon_and_Rectal_Cancer,Ovarian_Cancer,FLI1,1,1,0.2545454545454545,0.9910313901345292,1115,0.0098566308243727,0.0395061728395061,14,ARHGEF6|DOCK10|FLI1|GIMAP1|GIMAP4|GIMAP6|GIMAP8|IKZF1|LCP2|NCKAP1L|PTPRC|RCSD1|TFEC|WIPF1,4.984765878119645,8.156646700465913
Colon_and_Rectal_Cancer||Ovarian_Cancer,Colon_and_Rectal_Cancer,Ovarian_Cancer,HOXA10,1,1,0.6875,0.9913473423980222,809,0.0098765432098765,0.0395061728395061,11,HOXA1|HOXA10|HOXA11|HOXA11-AS|HOXA13|HOXA2|HOXA3|HOXA4|HOXA6|HOXA7|HOXA9,4.510068856600621,4.226602999373761
Colon_and_Rectal_Cancer||Stomach_Cancer,Colon_and_Rectal_Cancer,Stomach_Cancer,FOS,1,1,0.56,0.9991031390134528,1115,0.0017921146953405,0.01025390625,14,ATF3|CSRNP1|DUSP1|EGR1|EGR3|FOS|FOSB|HBEGF|IER2|JUN|NR4A1|NR4A2|SOCS3|ZFP36,4.147011954554753,4.91267713469126
Colon_and_Rectal_Cancer||Stomach_Cancer,Colon_and_Rectal_Cancer,Stomach_Cancer,IRF1,1,1,0.52,0.9991031390134528,1115,0.0017921146953405,0.01025390625,26,APOL2|APOL3|APOL6|BATF2|CD74|CXCL10|CXCL11|CXCL9|ETV7|GBP1|GBP4|HLA-E|IDO1|IFNG|IL15RA|IRF1|LAP3|NLRC5|PARP14|PSMB10|PSME1|PSME2|STAT1|UBD|UBE2L6|ZNF683,11.929480146667506,9.997230918239524
Colon_and_Rectal_Cancer||Stomach_Cancer,Colon_and_Rectal_Cancer,Stomach_Cancer,ETV7,1,1,0.5135135135135135,0.9990636704119852,1068,0.0018709073900841,0.01025390625,19,APOL6|BATF2|CXCL10|EPSTI1|ETV7|GBP1|HLA-E|IFI35|IRF1|NMI|PARP14|PSMB10|PSMB8|STAT1|TAP1|TAP2|UBD|UBE2L6|USP18,16.506918165774362,12.311668723370143
Colon_and_Rectal_Cancer||Stomach_Cancer,Colon_and_Rectal_Cancer,Stomach_Cancer,JUNB,1,1,0.45,0.9990224828934506,1023,0.001953125,0.01025390625,18,ATF3|BHLHE40|CSRNP1|DUSP1|EGR1|FOS|FOSB|HBEGF|IER2|IER3|JUN|JUNB|MIDN|NR4A1|PPP1R15A|SERTAD3|SOCS3|ZFP36,5.359184266940361,4.832512740317955
Colon_and_Rectal_Cancer||Stomach_Cancer,Colon_and_Rectal_Cancer,Stomach_Cancer,ETV2,1,1,0.3,0.9987080103359172,774,0.0025806451612903,0.0108387096774193,9,ETV2|FAM98C|LIN37|PSMD8|RPS11|RPS16|RPS19|RPS5|ZNF524,6.342357164194194,6.618541225592604
Colon_and_Rectal_Cancer||Stomach_Cancer,Colon_and_Rectal_Cancer,Stomach_Cancer,ELF1,1,1,0.3142857142857143,0.9955156950672646,1115,0.0053763440860215,0.0164650537634408,11,AKAP11|COG3|ELF1|NAA16|PAN3|PARP4|PDS5B|PIBF1|UFM1|USPL1|VPS36,4.290342729179686,4.805044914143871
Colon_and_Rectal_Cancer||Stomach_Cancer,Colon_and_Rectal_Cancer,Stomach_Cancer,ETS1,1,1,0.1707317073170731,0.9946188340807176,1115,0.0062724014336917,0.0164650537634408,7,ARHGAP31|DOCK10|ETS1|FLI1|LRRC8C|PPP1R16B|ZNF366,5.529963914928732,4.897844485860222
Colon_and_Rectal_Cancer||Stomach_Cancer,Colon_and_Rectal_Cancer,Stomach_Cancer,FLI1,1,1,0.2641509433962264,0.9946188340807176,1115,0.0062724014336917,0.0164650537634408,14,ARHGEF6|CSF2RB|DOCK2|ETS1|FLI1|GIMAP1|GIMAP4|GIMAP6|GIMAP8|RASSF2|RCSD1|SH2D3C|ST8SIA4|WIPF1,4.984765878119645,6.371382602410747
Colon_and_Rectal_Cancer||Stomach_Cancer,Colon_and_Rectal_Cancer,Stomach_Cancer,IKZF1,1,1,0.3928571428571428,0.9921875,1024,0.008780487804878,0.0204878048780487,22,ARHGAP25|ARHGAP9|DOCK10|DOCK2|EVI2B|GVINP1|HCLS1|IKZF1|IL10RA|ITGAL|ITK|KLHL6|NCKAP1L|P2RY10|PIK3CG|PTPRC|SASH3|SCIMP|TAGAP|TESPA1|TRAF3IP3|WAS,7.814119368178552,9.16531982852729
Colon_and_Rectal_Cancer||Stomach_Cancer,Colon_and_Rectal_Cancer,Stomach_Cancer,SPI1,1,1,0.4642857142857143,0.982635342185904,979,0.0183673469387755,0.0385714285714285,26,AIF1|C1QA|C1QC|C3AR1|CD300A|CD300LF|CD53|CD86|CSF1R|DOK2|FCER1G|ITGB2|LAIR1|LAPTM5|LILRB2|LILRB4|LRRC25|LSP1|LST1|MYO1F|SIGLEC7|SLAMF8|SPI1|SRGN|TNFAIP8L2|TYROBP,9.040826326935942,9.081599833320192
Esophageal_Cancer||Head_and_Neck_Cancer,Esophageal_Cancer,Head_and_Neck_Cancer,IRF7,1,1,0.5471698113207547,0.9951124144672532,1023,0.005859375,0.046979865771812,29,CMPK2|DHX58|HELZ2|HERC6|IFI35|IFI44|IFI44L|IFI6|IFIH1|IFIT1|IFIT3|IFIT5|IFITM1|IFITM3|IRF7|IRF9|ISG15|LY6E|MX1|MX2|OAS2|OASL|RSAD2|SP100|TRIM21|TRIM22|USP18|XAF1|ZBP1,16.374615344083306,15.948684968490223
Esophageal_Cancer||Head_and_Neck_Cancer,Esophageal_Cancer,Head_and_Neck_Cancer,HOXA10,1,1,0.7,0.9938195302843016,809,0.0074074074074074,0.046979865771812,7,HOXA10|HOXA11|HOXA11-AS|HOXA13|HOXA5|HOXA6|HOXA9,4.084474887434199,4.950526307192181
Esophageal_Cancer||Head_and_Neck_Cancer,Esophageal_Cancer,Head_and_Neck_Cancer,IRF9,1,1,0.5769230769230769,0.9911937377690804,1022,0.0097751710654936,0.046979865771812,30,CMPK2|DDX60|EPSTI1|HERC6|IFI35|IFI44|IFI44L|IFI6|IFIH1|IFIT1|IFIT3|IFIT5|IFITM1|IRF9|ISG15|MX1|NLRC5|OAS2|OAS3|PARP10|PARP9|RSAD2|SP100|SP110|STAT1|TAP1|TRIM22|UBE2L6|USP18|XAF1,16.064282646906364,16.701319721353705
Esophageal_Cancer||Head_and_Neck_Cancer,Esophageal_Cancer,Head_and_Neck_Cancer,IRF1,1,1,0.3461538461538461,0.988340807174888,1115,0.0125448028673835,0.046979865771812,18,APOL6|BTN3A1|CXCL11|ETV7|FASLG|GBP4|GZMA|GZMB|HLA-F|IDO1|IFNG|IL15RA|IRF1|PSMB10|PSMB9|TAP1|UBA7|UBE2L6,8.452615625835728,9.647507282715232
Esophageal_Cancer||Head_and_Neck_Cancer,Esophageal_Cancer,Head_and_Neck_Cancer,IKZF1,1,1,0.36,0.98828125,1024,0.0126829268292682,0.046979865771812,18,CCR5|CD2|CD3E|CD96|DOCK2|GVINP1|IKZF1|IL10RA|IL21R|ITGAL|ITK|NCKAP1L|P2RY10|PTPRC|SASH3|SPN|TESPA1|TIGIT,5.328141380120693,4.1379977384128726
Esophageal_Cancer||Head_and_Neck_Cancer,Esophageal_Cancer,Head_and_Neck_Cancer,GATA1,1,1,0.4166666666666667,0.9876819708846584,893,0.0134228187919463,0.046979865771812,5,GATA1|GCSAML|HDC|TPSAB1|TPSB2,4.230318288646579,5.32616404482976
Esophageal_Cancer||Stomach_Cancer,Esophageal_Cancer,Stomach_Cancer,ELF1,1,1,0.375,0.998206278026906,1115,0.0026881720430107,0.0376344086021505,12,ABHD13|AKAP11|COG3|ELF1|INTS6|MTRF1|NAA16|PAN3|RNF6|SUPT20H|UFM1|VPS36,4.686777795553367,4.805044914143871
Esophageal_Cancer||Stomach_Cancer,Esophageal_Cancer,Stomach_Cancer,IRF9,1,1,0.627906976744186,0.99706457925636,1022,0.0039100684261974,0.0376344086021505,27,CMPK2|DDX60|EPSTI1|HERC6|IFI35|IFI44|IFI44L|IFI6|IFIT1|IFIT3|IFIT5|IFITM1|IRF9|ISG15|LY6E|MX1|OAS2|PARP9|PSMB9|PSME1|RSAD2|SP110|STAT1|TAP1|UBE2L6|USP18|XAF1,16.064282646906364,17.013103056313238
Esophageal_Cancer||Stomach_Cancer,Esophageal_Cancer,Stomach_Cancer,SPI1,1,1,0.5178571428571429,0.9938712972420838,979,0.0071428571428571,0.0376344086021505,29,AIF1|C1QA|C1QC|C3AR1|CCR1|CD14|CD4|CD53|CD86|CSF1R|CYBB|DOK2|GNGT2|HAVCR2|ITGB2|LAIR1|LAPTM5|LRRC25|LST1|LY86|MS4A6A|MYO1F|PARVG|SIGLEC7|SLAMF8|SPI1|TNFAIP8L2|TYROBP|WAS,7.737599067245106,9.081599833320192
Esophageal_Cancer||Stomach_Cancer,Esophageal_Cancer,Stomach_Cancer,FOS,1,1,0.5357142857142857,0.9937219730941704,1115,0.007168458781362,0.0376344086021505,15,ATF3|CSRNP1|DUSP1|EGR1|FOS|FOSB|HBEGF|IER2|JUN|JUNB|KLF2|NR4A1|NR4A2|PPP1R15A|ZFP36,5.6560185493961015,4.91267713469126
Esophageal_Cancer||Stomach_Cancer,Esophageal_Cancer,Stomach_Cancer,IRF2,1,1,0.25,0.9919614147909968,622,0.0096308186195826,0.0404494382022471,5,CTSO|GIMAP2|IRF2|NFKB1|TLR3,5.851660097198613,8.495030539107267
Esophageal_Cancer||Stomach_Cancer,Esophageal_Cancer,Stomach_Cancer,HOXA10,1,1,0.6666666666666666,0.9888751545117428,809,0.0123456790123456,0.0432098765432098,6,HOXA10|HOXA11|HOXA11-AS|HOXA13|HOXA6|HOXA9,4.084474887434199,4.14317235694622
Head_and_Neck_Cancer||Stomach_Cancer,Head_and_Neck_Cancer,Stomach_Cancer,IRF1,1,1,0.3888888888888889,0.9919282511210762,1115,0.0089605734767025,0.0385095104458996,21,APOL6|BATF2|CXCL10|CXCL11|CXCL9|CXCR2P1|ETV7|GBP1|GBP4|GBP5|GZMA|GZMB|IDO1|IFNG|IL15RA|IRF1|LAP3|PSMB10|TAP1|UBD|UBE2L6,9.647507282715232,9.997230918239524
Head_and_Neck_Cancer||Stomach_Cancer,Head_and_Neck_Cancer,Stomach_Cancer,JUN,1,1,0.4545454545454545,0.9921436588103256,891,0.0089686098654708,0.0385095104458996,10,CSRNP1|DUSP1|EGR1|FOS|FOSB|JUN|JUNB|RHOB|ZFP36|ZFP36L1,4.560666658850913,4.315115385366103
Head_and_Neck_Cancer||Stomach_Cancer,Head_and_Neck_Cancer,Stomach_Cancer,EOMES,1,1,0.2777777777777778,0.9922178988326849,771,0.0090673575129533,0.0385095104458996,5,CXCR3|FCRL6|SAMD3|THEMIS|TRAT1,4.296365730647988,4.047051575752144
Head_and_Neck_Cancer||Stomach_Cancer,Head_and_Neck_Cancer,Stomach_Cancer,SPI1,1,1,0.5,0.9908069458631256,979,0.010204081632653,0.0385095104458996,28,ABI3|AIF1|C1QA|C1QC|CD4|CD53|CSF1R|CYBB|DOK2|GMFG|GNGT2|HAVCR2|ITGB2|LAIR1|LAPTM5|LILRB4|LRRC25|LST1|LY86|MS4A6A|MYO1F|NFAM1|PARVG|SIGLEC7|SPI1|TNFAIP8L2|TYROBP|WAS,8.663215864605867,9.081599833320192
Head_and_Neck_Cancer||Stomach_Cancer,Head_and_Neck_Cancer,Stomach_Cancer,GATA1,1,1,0.4545454545454545,0.9899216125419932,893,0.0111856823266219,0.0385095104458996,5,GATA1|GCSAML|SLC18A2|TPSAB1|TPSB2,5.32616404482976,3.996113945437703
Head_and_Neck_Cancer||Stomach_Cancer,Head_and_Neck_Cancer,Stomach_Cancer,ETV7,1,1,0.325,0.9887640449438202,1068,0.0121608980355472,0.0385095104458996,13,BATF2|CXCL10|EPSTI1|ETV7|GBP1|GZMB|IRF1|PSMB10|PSMB8|RTP4|STAT1|TAP1|UBE2L6,11.446491405498804,12.311668723370143
Head_and_Neck_Cancer||Stomach_Cancer,Head_and_Neck_Cancer,Stomach_Cancer,HOXA10,1,1,0.6,0.9814585908529048,809,0.019753086419753,0.0493506493506493,6,HOXA10|HOXA11|HOXA11-AS|HOXA13|HOXA6|HOXA9,4.950526307192181,4.14317235694622
Head_and_Neck_Cancer||Stomach_Cancer,Head_and_Neck_Cancer,Stomach_Cancer,GATAD1,1,1,0.25,0.9804941482444732,769,0.0207792207792207,0.0493506493506493,7,AKAP9|FAM133B|GATAD1|KRIT1|MTERF1|ZNF3|ZSCAN21,6.855731742171571,6.228660745310648
Kidney_Clear_Cell_Carcinoma||Thyroid_Cancer,Kidney_Clear_Cell_Carcinoma,Thyroid_Cancer,E2F1,1,1,0.3846153846153846,0.99438202247191,1068,0.0065481758652946,0.0319010416666666,20,ASF1B|CDC45|CDC6|CDT1|CENPM|CENPU|CHAF1A|DTL|E2F1|E2F2|FAM111B|GINS2|MCM2|ORC6|PKMYT1|RMI2|RNASEH2A|TK1|UHRF1|ZWINT,15.577978648061878,16.69500266981923
Kidney_Clear_Cell_Carcinoma||Thyroid_Cancer,Kidney_Clear_Cell_Carcinoma,Thyroid_Cancer,E2F7,1,1,0.2553191489361702,0.9948892674616696,587,0.0068027210884353,0.0319010416666666,12,BLM|CDC6|EXO1|EZH2|LMNB1|ORC6|POLQ|PRC1|RAD51AP1|STIL|TOP2A|UHRF1,7.493794686791375,11.218409835473649
Kidney_Clear_Cell_Carcinoma||Thyroid_Cancer,Kidney_Clear_Cell_Carcinoma,Thyroid_Cancer,JUNB,1,1,0.4,0.9941348973607038,1023,0.0068359375,0.0319010416666666,16,ATF3|C11ORF96|DUSP1|EGR1|EGR2|FOS|FOSB|IER2|JUN|JUNB|JUND|NR4A2|OSM|SERTAD3|SOCS3|ZFP36,4.7938299332961565,5.574994481009005
Kidney_Papillary_Cell_Carcinoma||Ovarian_Cancer,Kidney_Papillary_Cell_Carcinoma,Ovarian_Cancer,GABPA,1,1,0.2692307692307692,0.9953183520599252,1068,0.0056127221702525,0.04778972520908,7,BACH1|C21ORF91|DYRK1A|GABPA|IFNAR1|MORC3|USP25,3.892276935686216,4.341068512088727
Kidney_Papillary_Cell_Carcinoma||Ovarian_Cancer,Kidney_Papillary_Cell_Carcinoma,Ovarian_Cancer,FOSL1,1,1,0.2333333333333333,0.9925163704396632,1069,0.008411214953271,0.04778972520908,7,BCL3|FOSL1|KLF16|LIF|MAFF|PHLDA2|ZC3H12A,4.3697321055322105,3.904887249125006
Kidney_Papillary_Cell_Carcinoma||Ovarian_Cancer,Kidney_Papillary_Cell_Carcinoma,Ovarian_Cancer,FLI1,1,1,0.2586206896551724,0.9919282511210762,1115,0.0089605734767025,0.04778972520908,15,CD53|DOCK10|EVI2B|FLI1|GIMAP4|GIMAP6|GIMAP8|IKZF1|LCP2|MPEG1|NCKAP1L|PLEK|PRDM1|PTPRC|RCSD1,7.839258662955093,8.156646700465913
Kidney_Papillary_Cell_Carcinoma||Thyroid_Cancer,Kidney_Papillary_Cell_Carcinoma,Thyroid_Cancer,E2F1,1,1,0.5098039215686274,0.99812734082397,1068,0.0028063610851262,0.0218609865470852,26,ASF1B|CDC45|CDC6|CDT1|CENPM|CENPU|CHAF1A|CHAF1B|DTL|E2F1|E2F2|FAM111B|GINS1|GINS2|MCM10|MCM2|MCM6|ORC6|PAQR4|PCNA|PKMYT1|POC1A|RMI2|RNASEH2A|TK1|UHRF1,14.194214051415296,16.69500266981923
Kidney_Papillary_Cell_Carcinoma||Thyroid_Cancer,Kidney_Papillary_Cell_Carcinoma,Thyroid_Cancer,JUN,1,1,0.5185185185185185,0.9977553310886644,891,0.0033632286995515,0.0218609865470852,14,ATF3|CSRNP1|DUSP1|EGR1|EGR2|FOS|FOSB|IER2|JUN|NR4A1|NR4A2|NR4A3|PPP1R15A|RHOB,4.797459370915658,5.116450832626381
Kidney_Papillary_Cell_Carcinoma||Thyroid_Cancer,Kidney_Papillary_Cell_Carcinoma,Thyroid_Cancer,ERG,1,1,0.2830188679245283,0.9893162393162394,936,0.0117395944503735,0.0421530479896238,15,BCL6B|CD93|CDH5|CYYR1|ERG|GIMAP6|MMRN2|MYCT1|NOTCH4|PCDH12|PTPRB|RAPGEF4|ROBO4|TCF4|TMEM204,4.6896124389262015,5.1897692922107215
Kidney_Papillary_Cell_Carcinoma||Thyroid_Cancer,Kidney_Papillary_Cell_Carcinoma,Thyroid_Cancer,RUNX3,1,1,0.2571428571428571,0.9883116883116884,770,0.0129701686121919,0.0421530479896238,9,ARHGAP30|CD2|CD5|CST7|CYTIP|IKZF1|PTPN7|SPN|TRAF3IP3,4.205617252340286,5.139999222776724
