group,reference,n_entries,n_shared_targets,observed,null_mean,fold,p
all pairs,CollecTRI,91,1401,0.15917201998572447,0.04898051391862955,3.2497008963636866,9.999000099990002e-05
all pairs,ReMap,66,1031,0.30940834141610085,0.10160320077594569,3.0452617540898625,9.999000099990002e-05
Cardiovascular_Disease||Sjögrens_Syndrome,CollecTRI,3,75,0.10666666666666667,0.003928,27.155465037338764,0.00039996000399960006
Cardiovascular_Disease||Sjögrens_Syndrome,ReMap,2,40,0.725,0.0507075,14.297687718779272,9.999000099990002e-05
Cervical_Cancer||Colon_and_Rectal_Cancer,CollecTRI,10,160,0.15,0.042083125,3.5643740810598072,9.999000099990002e-05
Cervical_Cancer||Colon_and_Rectal_Cancer,ReMap,6,95,0.2736842105263158,0.0957778947368421,2.857488267812593,0.00019998000199980003
Cervical_Cancer||Esophageal_Cancer,CollecTRI,8,127,0.13385826771653545,0.048293700787401576,2.771754194316274,0.0011998800119988001
Cervical_Cancer||Esophageal_Cancer,ReMap,5,78,0.3076923076923077,0.10270384615384615,2.9959180616410146,0.0004999500049995
Cervical_Cancer||Head_and_Neck_Cancer,CollecTRI,13,217,0.17050691244239632,0.04392442396313364,3.881824667422049,9.999000099990002e-05
Cervical_Cancer||Head_and_Neck_Cancer,ReMap,9,157,0.4394904458598726,0.09565541401273885,4.594517209463374,9.999000099990002e-05
Cervical_Cancer||Stomach_Cancer,CollecTRI,5,77,0.22077922077922077,0.034316883116883114,6.433545261883137,9.999000099990002e-05
Cervical_Cancer||Stomach_Cancer,ReMap,3,58,0.3793103448275862,0.06726034482758621,5.639435031145061,0.00029997000299970003
Colon_and_Rectal_Cancer||Esophageal_Cancer,CollecTRI,7,94,0.0425531914893617,0.03364148936170212,1.2649021281978308,0.3347665233476652
Colon_and_Rectal_Cancer||Esophageal_Cancer,ReMap,5,59,0.11864406779661017,0.0862271186440678,1.3759484215905964,0.24957504249575044
Colon_and_Rectal_Cancer||Ovarian_Cancer,CollecTRI,6,55,0.01818181818181818,0.0032836363636363644,5.537098560354373,0.1618838116188381
Colon_and_Rectal_Cancer||Ovarian_Cancer,ReMap,4,37,0.02702702702702703,0.040102702702702706,0.6739452756436177,0.6853314668533147
Colon_and_Rectal_Cancer||Stomach_Cancer,CollecTRI,10,166,0.1746987951807229,0.07534156626506024,2.3187571461696534,0.0007999200079992001
Colon_and_Rectal_Cancer||Stomach_Cancer,ReMap,8,138,0.2971014492753623,0.13181739130434783,2.2538865800294654,0.000999900009999
Esophageal_Cancer||Head_and_Neck_Cancer,CollecTRI,6,107,0.12149532710280374,0.013246728971962617,9.17172287286581,9.999000099990002e-05
Esophageal_Cancer||Head_and_Neck_Cancer,ReMap,4,71,0.15492957746478872,0.049297183098591546,3.1427673495043,0.0245975402459754
Esophageal_Cancer||Stomach_Cancer,CollecTRI,6,94,0.1702127659574468,0.06258936170212766,2.7195159261651427,0.0017998200179982
Esophageal_Cancer||Stomach_Cancer,ReMap,5,88,0.2840909090909091,0.11139318181818182,2.550343786342399,0.0072992700729927005
Head_and_Neck_Cancer||Stomach_Cancer,CollecTRI,7,88,0.22727272727272727,0.08171931818181817,2.781138319914341,0.0004999500049995
Head_and_Neck_Cancer||Stomach_Cancer,ReMap,5,69,0.36231884057971014,0.10717536231884058,3.3806168949709945,9.999000099990002e-05
Kidney_Clear_Cell_Carcinoma||Thyroid_Cancer,CollecTRI,3,48,0.3333333333333333,0.12276458333333334,2.7152239211227447,0.0021997800219978004
Kidney_Clear_Cell_Carcinoma||Thyroid_Cancer,ReMap,3,48,0.3125,0.19633125,1.5916977047719096,0.07889211078892111
Kidney_Papillary_Cell_Carcinoma||Ovarian_Cancer,CollecTRI,3,29,0.034482758620689655,0.006565517241379311,5.252100840336134,0.1528847115288471
Kidney_Papillary_Cell_Carcinoma||Ovarian_Cancer,ReMap,3,29,0.13793103448275862,0.12163103448275865,1.1340118504238366,0.44935506449355067
Kidney_Papillary_Cell_Carcinoma||Thyroid_Cancer,CollecTRI,4,64,0.3125,0.1104546875,2.8292144686027925,9.999000099990002e-05
Kidney_Papillary_Cell_Carcinoma||Thyroid_Cancer,ReMap,4,64,0.3125,0.1310046875,2.3854108273797454,0.0014998500149985001
